"","RRSZX001","RRSZX002","RRSZX003","RRSZX004","RRSZX005","RRSZX006","RRSZX007","RRSZX008","RRSZX009","RRSZX010","RRSZX011","RRSZX012","RRSZX013","RRSZX014","RRSZX015","RRSZX016","RRSZX017","RRSZX020","RRSZX021","RRSZX022","RRSZX023","RRSZX024","RRSZX025","RRSZX026","RRSZX027","RRSZX028","RRSZX029","RRSZX030","RRSZX031","RRSZX033","RRSZX034","RRSZX035","RRSZX036","RRSZX037","RRSZX038","RRSZX039","RRSZX040","RRSZX041","RRSZX042","RRSZX043","RRSZX044","RRSZX045","RRSZX046","RRSZX047","RRSZX048","RRSZX049","RRSZX050","RRSZX051","RRSZX052","RRSZX055","RRSZX056","RRSZX057","RRSZX058","RRSZX059","RRSZX060","RRSZX061","RRSZX062","RRSZX063","RRSZX064","RRSZX065","RRSZX066","RRSZX067","RRSZX068","RRSZX069","RRSZX070","RRSZX071","RRSZX072","RRSZX073","RRSZX074","RRSZX075","RRSZX076","RRSZX077","RRSZX078","RRSZX079","RRSZX081","RRSZX082","RRSZX083","RRSZX084","RRSZX085","RRSZX086","RRSZX087","RRSZX088","RRSZX089","RRSZX090","RRSZX091","RRSZX092","RRSZX093","RRSZX094","RRSZX095","RRSZX096","RRSZX097","RRSZX099","RRSZX100","RRSZX101","RRSZX102","RRSZX103","RRSZX104","RRSZX105","RRSZX106","RRSZX107","RRSZX108","RRSZX109","RRSZX110"
"RRSZX001",NA,"140","310","507","166","474","811","224","362","666","185","522","283","202","620","244","313","1898","2022","2130","2655","2346","2105","2387","1757","2119","2320","1918","2143","1991","2232","2411","2177","2076","2136","2343","1219","1017","1276","1029","1110","1343","695","830","866","1456","1526","849","1102","1476","1182","1046","1507","693","1449","811","1293","1655","1743","571","816","944","1443","1534","978","706","685","976","1205","806","434","1251","1071","1549","1858","2597","2106","1773","1694","1997","1560","1702","2702","1945","1868","1769","1110","2796","1454","1152","1661","1397","3539","1295","1052","1749","385","564","707","637","406","461","612"
"RRSZX002",NA,NA,"332","530","108","462","816","360","456","803","208","667","259","113","612","307","336","1775","1945","2106","2631","2331","2090","2364","1674","2042","2296","1842","2113","1915","2208","2387","2109","2052","2115","2319","1092","902","1148","948","972","1213","605","692","785","1328","1366","773","998","1348","1149","1022","1478","685","1372","787","1269","1631","1719","563","808","920","1419","1449","951","629","684","975","1219","805","433","1242","1062","1548","1866","2573","2082","1766","1701","1973","1564","1706","2707","1950","1873","1774","1115","2932","1505","1202","1716","1402","3674","1300","1056","1804","297","482","593","522","292","347","488"
"RRSZX003",NA,NA,NA,"208","409","190","508","372","367","755","142","608","155","245","313","529","15","1709","1865","1926","2387","2093","1836","2119","1569","1930","2066","1730","1874","1811","1965","2142","1913","1887","1869","2089","1157","921","1180","894","1061","1265","581","778","738","1360","1452","661","985","1380","910","777","1239","409","1260","543","1024","1387","1541","287","532","675","1175","1345","707","517","975","1266","1510","1096","724","1533","1353","1839","1559","2264","1838","1458","1394","1728","1256","1399","2399","1642","1565","1466","807","2886","1187","913","1394","1094","3630","992","749","1482","303","428","740","586","402","525","614"
"RRSZX004",NA,NA,NA,NA,"607","327","318","469","287","545","340","461","356","447","216","726","222","1824","1943","1972","2397","2055","1813","2129","1689","2008","2061","1807","1876","1958","1967","2010","1916","1924","1872","2051","1362","1094","1353","1008","1239","1468","754","951","883","1533","1624","775","1131","1553","947","735","1242","446","1322","580","982","1389","1579","424","422","626","1132","1460","743","618","1172","1466","1709","1295","922","1732","1552","2038","1369","2074","1679","1265","1204","1521","1067","1208","2209","1452","1376","1276","617","2739","987","712","1194","904","3482","802","559","1282","498","601","935","783","597","711","810"
"RRSZX005",NA,NA,NA,NA,NA,"563","911","398","536","841","284","696","356","210","709","203","413","1872","2042","2194","2729","2428","2187","2461","1779","2140","2402","1939","2210","2012","2303","2484","2206","2140","2199","2425","1189","999","1246","1045","1070","1311","702","789","882","1425","1463","870","1095","1445","1246","1119","1575","782","1469","884","1366","1723","1807","660","905","1017","1517","1554","1043","726","584","876","1119","706","334","1142","962","1448","1962","2670","2180","1861","1796","2070","1659","1802","2804","2045","1970","1869","1210","2958","1586","1279","1793","1497","3702","1395","1152","1881","393","580","690","640","389","444","585"
"RRSZX006",NA,NA,NA,NA,NA,NA,"367","558","553","941","303","794","221","366","174","689","171","1568","1686","1751","2226","1917","1676","1958","1428","1783","1891","1582","1699","1655","1794","1967","1736","1704","1698","1914","1057","796","1055","753","936","1165","456","653","613","1235","1327","520","861","1255","735","602","1064","234","1096","368","849","1212","1371","110","357","500","1000","1204","532","384","1135","1427","1671","1257","885","1694","1514","2000","1428","2134","1662","1325","1264","1553","1126","1268","2269","1512","1435","1336","677","2919","1218","943","1425","964","3662","862","618","1513","271","298","698","499","361","474","573"
"RRSZX007",NA,NA,NA,NA,NA,NA,NA,"788","607","808","652","780","585","744","236","1029","512","1686","1753","1768","2208","1861","1615","1940","1523","1850","1872","1650","1688","1723","1777","1731","1721","1728","1682","1853","1229","962","1222","871","1109","1337","670","828","752","1402","1493","638","995","1422","786","537","1052","313","1164","437","758","1200","1415","355","233","437","934","1323","586","477","1475","1767","1996","1597","1225","2034","1854","2340","1095","1795","1406","991","930","1247","793","934","1930","1178","1102","1002","343","2738","914","763","1150","630","3482","528","272","1332","655","557","1086","762","749","862","961"
"RRSZX008",NA,NA,NA,NA,NA,NA,NA,NA,"200","464","291","319","455","425","684","435","388","2073","2195","2292","2754","2446","2204","2487","1933","2292","2419","2091","2242","2164","2332","2511","2277","2238","2239","2443","1462","1240","1494","1258","1341","1569","909","1060","1102","1680","1734","1025","1325","1699","1279","1151","1607","777","1621","911","1392","1755","1906","655","900","1043","1543","1710","1075","882","953","1165","1382","1088","668","1396","1127","1726","1848","2541","2146","1732","1671","1988","1533","1675","2676","1919","1842","1743","1084","2595","1364","970","1570","1371","3338","1269","1031","1513","608","787","1016","891","715","770","911"
"RRSZX009",NA,NA,NA,NA,NA,NA,NA,NA,NA,"393","290","246","448","476","503","532","393","2072","2194","2250","2684","2342","2100","2416","1932","2291","2348","2090","2164","2163","2253","2296","2198","2195","2160","2338","1491","1239","1499","1257","1371","1599","908","1090","1101","1678","1764","1024","1324","1698","1234","1022","1529","732","1608","866","1269","1676","1862","654","708","913","1419","1709","1030","881","1072","1308","1536","1193","821","1538","1358","1880","1670","2360","1966","1551","1490","1807","1353","1494","2495","1739","1662","1562","903","2524","1183","830","1389","1190","3267","1088","845","1380","647","786","1015","916","714","769","910"
"RRSZX010",NA,NA,NA,NA,NA,NA,NA,NA,NA,NA,"676","153","840","868","824","833","772","2430","2518","2570","2945","2479","2360","2736","2315","2615","2669","2414","2484","2488","2574","2270","2519","2516","2481","2460","1877","1625","1885","1615","1756","1985","1294","1476","1484","2064","2150","1381","1710","2084","1555","1283","1849","1053","1929","1187","1469","1997","2183","1040","1029","1234","1676","2066","1351","1218","1349","1597","1826","1470","1110","1840","1660","2170","1630","2317","1942","1528","1450","1795","1330","1451","2452","1695","1618","1540","853","2136","970","576","1176","1113","2879","1062","866","1054","1033","1169","1388","1338","1087","1142","1283"
"RRSZX011",NA,NA,NA,NA,NA,NA,NA,NA,NA,NA,NA,"531","172","181","453","453","146","1794","1918","2026","2504","2195","1953","2236","1653","2015","2168","1814","1992","1887","2074","2260","2017","1972","1979","2190","1217","963","1223","978","1084","1339","633","803","822","1403","1526","745","1049","1422","1028","895","1349","526","1344","660","1141","1500","1639","404","649","792","1292","1430","824","602","851","1142","1371","972","600","1409","1229","1715","1704","2409","1955","1604","1537","1846","1402","1542","2545","1788","1711","1612","950","2809","1318","1042","1524","1237","3552","1137","900","1612","350","507","718","634","417","472","613"
"RRSZX012",NA,NA,NA,NA,NA,NA,NA,NA,NA,NA,NA,NA,"688","715","677","688","632","2308","2372","2424","2858","2516","2274","2590","2168","2468","2522","2268","2338","2341","2427","2395","2372","2369","2334","2512","1730","1478","1738","1468","1610","1838","1148","1335","1337","1918","2003","1235","1564","1937","1408","1196","1702","906","1782","1040","1442","1850","2036","905","882","1087","1593","1964","1204","1071","1204","1464","1693","1325","953","1694","1514","2025","1736","2441","2064","1652","1571","1906","1452","1575","2577","1820","1743","1661","969","2284","1119","724","1263","1232","3027","1178","982","1202","886","1025","1227","1161","926","981","1122"
"RRSZX013",NA,NA,NA,NA,NA,NA,NA,NA,NA,NA,NA,NA,NA,"138","380","544","150","1632","1756","1864","2388","2081","1839","2122","1491","1853","2054","1653","1877","1726","1966","2232","1867","1810","1870","2076","1063","802","1061","817","942","1161","471","659","660","1241","1326","583","887","1261","916","780","1245","445","1183","545","1027","1386","1477","323","568","678","1178","1268","712","440","927","1233","1448","1049","691","1500","1320","1806","1635","2331","1841","1531","1470","1731","1333","1474","2483","1719","1642","1542","883","2972","1320","1046","1527","1170","3715","1068","825","1615","209","345","633","484","298","387","528"
"RRSZX014",NA,NA,NA,NA,NA,NA,NA,NA,NA,NA,NA,NA,NA,NA,"517","409","238","1734","1858","2006","2536","2227","1986","2268","1593","1955","2200","1755","2024","1828","2113","2379","2009","1952","2020","2224","1045","854","1100","861","925","1153","517","644","698","1280","1318","682","933","1300","1060","927","1388","590","1282","692","1174","1536","1620","467","713","824","1324","1370","859","539","786","1077","1306","907","535","1344","1164","1650","1771","2478","1987","1670","1606","1878","1469","1611","2619","1855","1778","1678","1019","2982","1422","1147","1629","1306","3725","1204","961","1717","191","395","559","474","258","313","454"
"RRSZX015",NA,NA,NA,NA,NA,NA,NA,NA,NA,NA,NA,NA,NA,NA,NA,"885","305","1621","1709","1761","2195","1853","1611","1927","1480","1806","1859","1605","1675","1678","1765","1898","1710","1706","1672","1850","1151","884","1144","805","1030","1258","587","760","673","1323","1415","572","922","1343","745","533","1040","244","1119","378","780","1191","1374","199","220","425","930","1257","542","408","1283","1574","1803","1404","1032","1841","1661","2147","1285","1990","1595","1181","1120","1437","982","1124","2125","1368","1292","1192","533","2809","1108","837","1315","820","3552","718","475","1403","440","470","877","671","539","652","751"
"RRSZX016",NA,NA,NA,NA,NA,NA,NA,NA,NA,NA,NA,NA,NA,NA,NA,NA,"531","2133","2258","2361","2889","2580","2336","2621","1993","2355","2554","2154","2380","2227","2469","2642","2364","2302","2367","2576","1403","1213","1460","1260","1284","1524","917","1003","1097","1652","1677","1085","1309","1671","1410","1277","1742","912","1684","1038","1523","1882","1974","789","1035","1175","1674","1770","1206","942","573","774","1002","708","369","1039","859","1346","2114","2831","2337","1979","1915","2231","1786","1920","2920","2164","2087","1987","1328","2959","1672","1336","1879","1624","3702","1513","1270","1967","607","795","904","854","603","658","799"
"RRSZX017",NA,NA,NA,NA,NA,NA,NA,NA,NA,NA,NA,NA,NA,NA,NA,NA,NA,"1694","1818","1913","2372","2063","1821","2104","1554","1916","2036","1715","1856","1788","1941","2214","1887","1859","1856","2060","1142","906","1165","879","1022","1250","566","741","723","1345","1414","646","971","1365","896","762","1217","394","1257","528","1010","1364","1526","272","517","660","1160","1330","692","502","977","1269","1498","1099","727","1536","1356","1842","1595","2314","1823","1472","1417","1714","1273","1450","2422","1666","1589","1483","824","2904","1201","930","1407","1111","3647","1009","766","1496","288","408","725","571","387","522","599"
"RRSZX020",NA,NA,NA,NA,NA,NA,NA,NA,NA,NA,NA,NA,NA,NA,NA,NA,NA,NA,"246","761","1442","1433","1318","1168","201","469","1234","325","890","148","883","1662","796","732","823","1429","758","942","652","880","824","634","1223","1130","1043","489","433","1052","847","439","944","1211","844","1381","548","1253","1199","854","631","1499","1474","1309","1031","403","1126","1225","2505","2797","3026","1906","2255","3064","2884","3370","2071","2076","1562","1771","2004","1575","1714","1816","2380","1859","1940","1773","1679","4185","2268","2355","2504","1966","4928","1558","1694","2779","1551","1380","1654","1305","1545","1560","1484"
"RRSZX021",NA,NA,NA,NA,NA,NA,NA,NA,NA,NA,NA,NA,NA,NA,NA,NA,NA,NA,NA,"525","1204","1195","1105","931","322","234","996","142","652","116","647","1435","560","495","587","1192","994","1150","889","1004","1059","860","1347","1312","1167","745","669","1177","1029","675","1004","1272","826","1468","608","1336","1236","776","426","1585","1536","1369","1013","584","1186","1350","2618","2909","3138","2740","2368","3176","2999","3482","2036","1941","1420","1716","2018","1503","1759","1850","2242","1787","1880","1722","1740","4247","2330","2417","2566","2028","4990","1620","1755","2841","1675","1504","1862","1524","1743","1742","1703"
"RRSZX022",NA,NA,NA,NA,NA,NA,NA,NA,NA,NA,NA,NA,NA,NA,NA,NA,NA,NA,NA,NA,"729","726","663","454","748","298","523","520","212","624","171","947","94","63","133","717","1367","1389","1274","1204","1431","1344","1548","1549","1367","1099","1182","1352","1261","1164","1077","1336","766","1535","790","1401","1186","645","428","1666","1560","1393","954","907","1238","1491","2793","3084","3313","2918","2542","3351","3171","3657","1733","1461","1079","1471","1769","1220","1587","1640","1785","1491","1574","1472","1787","4264","2376","2434","2612","2074","5007","1596","1758","2858","1851","1704","2100","1724","1928","2001","1930"
"RRSZX023",NA,NA,NA,NA,NA,NA,NA,NA,NA,NA,NA,NA,NA,NA,NA,NA,NA,NA,NA,NA,NA,"524","648","282","1406","1001","368","1160","613","1306","619","728","662","725","662","520","2003","1981","1901","1780","2075","1981","2124","2125","1944","1725","1880","1928","1860","1790","1502","1679","1186","1984","1370","1869","1518","1026","1008","2113","1993","1782","1284","1533","1706","2031","3303","3595","3824","3425","3053","3862","3677","4168","1718","1232","1047","1445","1748","1216","1640","1629","1556","1476","1559","1451","2146","4421","2513","2822","2784","2240","5164","1908","2160","3015","2385","2242","2674","2300","2474","2592","2504"
"RRSZX024",NA,NA,NA,NA,NA,NA,NA,NA,NA,NA,NA,NA,NA,NA,NA,NA,NA,NA,NA,NA,NA,NA,"270","403","1374","1041","288","1163","606","1346","683","222","705","776","665","12","1870","1813","1749","1592","1907","1848","1890","1936","1710","1592","1820","1626","1692","1657","1195","1333","878","1676","1216","1561","1172","718","956","1805","1651","1436","939","1400","1398","1723","2996","3287","3516","3117","2745","3554","3369","3860","1212","747","540","955","1248","709","1150","1139","1071","969","1052","961","1664","3937","2013","2335","2249","1740","4681","1418","1670","2515","2083","1934","2504","2066","2172","2279","2348"
"RRSZX025",NA,NA,NA,NA,NA,NA,NA,NA,NA,NA,NA,NA,NA,NA,NA,NA,NA,NA,NA,NA,NA,NA,NA,"496","1156","918","266","982","476","1210","572","394","582","661","576","265","1625","1570","1505","1346","1663","1603","1645","1691","1465","1347","1575","1381","1447","1412","951","1088","633","1432","971","1316","928","472","711","1560","1406","1191","694","1155","1153","1478","2751","3043","3271","2927","2500","3309","3124","3615","1151","903","497","887","1184","638","1076","1055","1231","909","992","888","1555","3858","1961","2232","2196","1688","4601","1344","1570","2462","1838","1689","2259","1821","1927","2034","2110"
"RRSZX026",NA,NA,NA,NA,NA,NA,NA,NA,NA,NA,NA,NA,NA,NA,NA,NA,NA,NA,NA,NA,NA,NA,NA,NA,"1128","727","228","886","342","1032","346","616","389","452","411","408","1734","1712","1621","1511","1806","1712","1855","1856","1675","1456","1594","1659","1591","1521","1234","1410","917","1716","1102","1600","1249","757","740","1844","1724","1513","1015","1264","1437","1762","3034","3326","3555","3171","2784","3593","3408","3899","1607","1120","935","1333","1636","1104","1527","1517","1448","1365","1448","1339","1877","4309","2412","2553","2648","2139","5052","1699","1891","2914","2122","1973","2405","2031","2211","2324","2235"
"RRSZX027",NA,NA,NA,NA,NA,NA,NA,NA,NA,NA,NA,NA,NA,NA,NA,NA,NA,NA,NA,NA,NA,NA,NA,NA,NA,"533","1143","278","801","282","839","1565","732","675","748","1339","692","805","587","741","757","632","1084","984","904","422","508","913","708","397","784","1042","673","1242","377","1114","1028","688","465","1360","1306","1138","860","261","944","1086","2354","2646","2875","2476","2104","2913","2728","3219","1902","1917","1402","1607","1835","1415","1544","1646","2221","1699","1771","1613","1510","4016","2099","2186","2335","1797","4759","1389","1524","2610","1412","1241","1542","1177","1405","1422","1372"
"RRSZX028",NA,NA,NA,NA,NA,NA,NA,NA,NA,NA,NA,NA,NA,NA,NA,NA,NA,NA,NA,NA,NA,NA,NA,NA,NA,NA,"794","317","449","335","443","1232","357","291","384","990","1243","1247","1123","1101","1296","1087","1445","1410","1265","964","896","1275","1126","927","1102","1372","843","1565","705","1434","1253","749","468","1682","1634","1466","1030","772","1274","1448","2715","3006","3235","2836","2464","3273","3088","3579","1966","1758","1312","1704","2002","1453","1776","1849","2087","1724","1806","1705","1840","4344","2427","2514","2663","2125","5087","1719","1853","2938","1772","1602","1959","1621","1840","1839","1789"
"RRSZX029",NA,NA,NA,NA,NA,NA,NA,NA,NA,NA,NA,NA,NA,NA,NA,NA,NA,NA,NA,NA,NA,NA,NA,NA,NA,NA,NA,"924","356","1096","408","448","451","518","426","223","1749","1726","1627","1526","1820","1744","1869","1870","1689","1470","1679","1595","1606","1535","1163","1332","847","1645","1116","1530","1171","686","754","1774","1654","1376","937","1278","1367","1692","2964","3256","3484","3086","2714","3523","3337","3829","1399","979","766","1134","1432","886","1324","1303","1303","1156","1239","1136","1799","4105","2208","2475","2458","1935","4848","1592","1814","2710","2052","1903","2419","2046","2141","2248","2249"
"RRSZX030",NA,NA,NA,NA,NA,NA,NA,NA,NA,NA,NA,NA,NA,NA,NA,NA,NA,NA,NA,NA,NA,NA,NA,NA,NA,NA,NA,NA,"581","225","606","1353","499","442","516","1121","969","1046","864","900","1034","909","1243","1208","1063","698","739","1073","925","673","900","1168","697","1364","504","1232","1107","647","297","1481","1432","1265","884","541","1071","1246","2513","2805","3034","2635","2263","3072","2886","3378","1895","1806","1291","1571","1869","1374","1630","1725","2110","1658","1730","1572","1636","4143","2226","2313","2479","1924","4886","1516","1651","2737","1571","1400","1758","1420","1639","1638","1589"
"RRSZX031",NA,NA,NA,NA,NA,NA,NA,NA,NA,NA,NA,NA,NA,NA,NA,NA,NA,NA,NA,NA,NA,NA,NA,NA,NA,NA,NA,NA,NA,"753","144","778","126","174","82","545","1410","1412","1289","1210","1464","1406","1554","1555","1374","1132","1360","1358","1290","1197","974","1181","653","1475","800","1340","1020","518","438","1604","1472","1284","787","940","1178","1504","2783","3074","3303","2905","2532","3342","3156","3648","1538","1300","883","1271","1573","1024","1436","1454","1624","1295","1378","1277","1648","4154","2238","2324","2491","1935","4897","1470","1663","2748","1863","1711","2112","1730","1949","2023","1942"
"RRSZX033",NA,NA,NA,NA,NA,NA,NA,NA,NA,NA,NA,NA,NA,NA,NA,NA,NA,NA,NA,NA,NA,NA,NA,NA,NA,NA,NA,NA,NA,NA,"747","1535","660","595","688","1292","894","1088","799","972","959","775","1316","1261","1136","635","574","1145","997","585","971","1240","872","1436","566","1304","1227","825","515","1553","1504","1337","1059","536","1143","1318","2585","2877","3106","2707","2335","3144","2959","3450","2073","2051","1509","1748","2034","1552","1743","1845","2328","1835","1908","1750","1708","4216","2298","2385","2534","1996","4959","1588","1723","2809","1643","1472","1800","1452","20","1672","1630"
"RRSZX034",NA,NA,NA,NA,NA,NA,NA,NA,NA,NA,NA,NA,NA,NA,NA,NA,NA,NA,NA,NA,NA,NA,NA,NA,NA,NA,NA,NA,NA,NA,NA,"830","114","209","131","607","1477","1483","1357","1288","1532","1455","1632","1637","1452","1200","1304","1436","1362","1264","1060","1291","742","1560","879","1426","1153","621","517","1689","1560","1394","919","1007","1263","1591","2871","3162","3391","2999","2627","3429","3244","3735","1668","1356","1016","1403","1703","1170","1569","1587","1684","1428","1511","1409","1758","4264","2348","2435","2584","2046","5008","1602","1773","2858","1951","1789","2189","1808","2027","2100","2019"
"RRSZX035",NA,NA,NA,NA,NA,NA,NA,NA,NA,NA,NA,NA,NA,NA,NA,NA,NA,NA,NA,NA,NA,NA,NA,NA,NA,NA,NA,NA,NA,NA,NA,NA,"881","965","856","236","2021","1958","1900","1742","2058","1999","2052","2088","1855","1743","1971","1777","1843","1808","1346","1376","1029","1739","1367","1712","1216","868","1106","1867","1694","1479","979","1551","1549","1874","3058","3349","3578","3180","2807","3616","3431","3922","1000","536","328","762","1065","503","944","923","862","758","841","756","1458","3726","1818","2139","2053","1544","4468","1212","1464","2319","2139","1990","2566","2189","2229","2342","2410"
"RRSZX036",NA,NA,NA,NA,NA,NA,NA,NA,NA,NA,NA,NA,NA,NA,NA,NA,NA,NA,NA,NA,NA,NA,NA,NA,NA,NA,NA,NA,NA,NA,NA,NA,NA,"80","46","646","1361","1365","1258","1190","1426","1338","1526","1556","1346","1082","1218","1331","1244","1125","1008","1236","687","1494","780","1372","1104","564","418","1623","1503","1336","874","890","1209","1485","2772","3063","3292","2894","2528","3330","3145","3636","1646","1404","991","1379","1682","1133","1501","1563","1734","1403","1486","1385","1701","4207","2290","2377","2526","1988","4950","1539","1715","2801","1844","1683","2077","1703","1922","1995","1907"
"RRSZX037",NA,NA,NA,NA,NA,NA,NA,NA,NA,NA,NA,NA,NA,NA,NA,NA,NA,NA,NA,NA,NA,NA,NA,NA,NA,NA,NA,NA,NA,NA,NA,NA,NA,NA,"105","715","1304","1306","1199","1130","1356","1279","1473","1469","1293","1025","1157","1278","1185","1066","986","1253","719","1472","716","1338","1113","598","354","1603","1512","1345","907","833","1175","1426","2714","3005","3234","2834","2465","3271","3086","3578","1705","1466","1050","1438","1740","1192","1548","1622","1790","1462","1545","1444","1710","4216","2299","2386","2535","1997","4959","1548","1724","2810","1786","1626","2026","1646","1863","1936","1856"
"RRSZX038",NA,NA,NA,NA,NA,NA,NA,NA,NA,NA,NA,NA,NA,NA,NA,NA,NA,NA,NA,NA,NA,NA,NA,NA,NA,NA,NA,NA,NA,NA,NA,NA,NA,NA,NA,"622","1417","1379","1295","1185","1473","1376","1528","1529","1348","1102","1270","1333","1258","1141","967","1205","646","1467","775","1333","1065","525","412","1596","1464","1297","834","904","1170","1487","2774","3065","3294","2895","2523","3332","3147","3638","1620","1381","965","1353","1656","1107","1463","1537","1705","1377","1460","1359","1662","4168","2251","2338","2487","1949","4911","1501","1677","2762","1846","1685","2089","1705","1924","1997","1919"
"RRSZX039",NA,NA,NA,NA,NA,NA,NA,NA,NA,NA,NA,NA,NA,NA,NA,NA,NA,NA,NA,NA,NA,NA,NA,NA,NA,NA,NA,NA,NA,NA,NA,NA,NA,NA,NA,NA,"1875","1808","1753","1586","1902","1854","1896","1932","1692","1596","1829","1621","1687","1661","1189","1328","873","1671","1211","1556","1167","712","972","1800","1646","1431","933","1394","1393","1718","2990","3282","3510","3112","2740","3548","3363","3854","1217","752","545","936","1239","693","1131","1120","1076","974","1057","942","1645","3912","2004","2326","2240","1731","4655","1399","1651","2506","2078","1928","2498","2072","2167","2274","2356"
"RRSZX040",NA,NA,NA,NA,NA,NA,NA,NA,NA,NA,NA,NA,NA,NA,NA,NA,NA,NA,NA,NA,NA,NA,NA,NA,NA,NA,NA,NA,NA,NA,NA,NA,NA,NA,NA,NA,NA,"276","120","460","125","149","600","409","492","289","334","626","313","308","824","1037","1021","922","664","794","1101","1157","1012","1021","1015","948","1131","480","765","746","1755","2046","2275","1113","1504","2313","2128","2619","1972","2285","1794","1687","1899","1740","1578","1710","2589","1814","1868","1706","1390","3896","1979","1972","2215","1677","4639","1370","1354","2490","859","786","926","579","819","806","756"
"RRSZX041",NA,NA,NA,NA,NA,NA,NA,NA,NA,NA,NA,NA,NA,NA,NA,NA,NA,NA,NA,NA,NA,NA,NA,NA,NA,NA,NA,NA,NA,NA,NA,NA,NA,NA,NA,NA,NA,NA,"300","227","157","385","347","218","227","480","550","362","138","500","630","796","954","657","634","530","887","1101","993","756","751","697","988","578","532","482","1563","1854","2083","942","1312","2243","1936","2427","1758","2144","1652","1472","1647","1598","1364","1496","2457","1600","1626","1491","1138","3636","1728","1699","1964","1426","4378","1118","1058","2238","665","527","767","423","640","648","597"
"RRSZX042",NA,NA,NA,NA,NA,NA,NA,NA,NA,NA,NA,NA,NA,NA,NA,NA,NA,NA,NA,NA,NA,NA,NA,NA,NA,NA,NA,NA,NA,NA,NA,NA,NA,NA,NA,NA,NA,NA,NA,"423","186","163","607","467","487","181","273","621","276","208","790","1000","901","916","543","789","1064","1042","892","1016","1010","912","1046","360","728","741","1810","2102","2331","1280","1560","2369","2184","2675","1935","2192","1678","1650","1863","1643","1541","1674","2496","1778","1832","1631","1353","3859","1942","1958","2178","1640","4602","1333","1318","2453","924","786","1003","660","888","884","833"
"RRSZX043",NA,NA,NA,NA,NA,NA,NA,NA,NA,NA,NA,NA,NA,NA,NA,NA,NA,NA,NA,NA,NA,NA,NA,NA,NA,NA,NA,NA,NA,NA,NA,NA,NA,NA,NA,NA,NA,NA,NA,NA,"346","556","350","352","171","508","694","237","161","573","429","603","734","566","455","438","685","882","792","684","664","514","786","515","331","410","1620","1912","2141","1077","1370","2179","1994","2485","1556","1940","1449","1270","1484","1395","1162","1295","2244","1399","1463","1252","955","3462","1552","1608","1780","1243","4205","935","933","2055","691","507","903","527","746","825","733"
"RRSZX044",NA,NA,NA,NA,NA,NA,NA,NA,NA,NA,NA,NA,NA,NA,NA,NA,NA,NA,NA,NA,NA,NA,NA,NA,NA,NA,NA,NA,NA,NA,NA,NA,NA,NA,NA,NA,NA,NA,NA,NA,NA,"234","488","291","373","354","398","508","233","377","751","942","1048","803","730","676","1007","1210","1064","909","901","843","1098","533","653","635","1634","1926","2154","1003","1384","2192","2007","2498","1878","2252","1761","1593","1793","1708","1484","1617","2556","1721","1775","1574","1284","3782","1865","1845","2100","1572","4524","1264","1209","2375","741","668","840","490","730","763","669"
"RRSZX045",NA,NA,NA,NA,NA,NA,NA,NA,NA,NA,NA,NA,NA,NA,NA,NA,NA,NA,NA,NA,NA,NA,NA,NA,NA,NA,NA,NA,NA,NA,NA,NA,NA,NA,NA,NA,NA,NA,NA,NA,NA,NA,"716","519","601","269","222","736","422","251","915","1151","1002","1031","667","904","1191","1137","992","1130","1125","1046","1189","461","863","856","1862","2154","2382","1231","1612","2420","2235","2726","2069","2293","1778","1784","1997","1792","1675","1808","2597","1905","1931","1758","1487","3994","2077","2073","2312","1774","4736","1467","1432","2587","969","896","1065","721","961","948","898"
"RRSZX046",NA,NA,NA,NA,NA,NA,NA,NA,NA,NA,NA,NA,NA,NA,NA,NA,NA,NA,NA,NA,NA,NA,NA,NA,NA,NA,NA,NA,NA,NA,NA,NA,NA,NA,NA,NA,NA,NA,NA,NA,NA,NA,NA,"205","189","788","879","287","434","807","704","665","1033","364","801","376","912","1180","1138","454","496","562","1062","861","526","186","1278","1569","1798","815","1027","1836","1651","2142","1611","2214","1723","1449","1446","1614","1251","1426","2522","1624","1626","1459","873","3371","1454","1374","1690","1160","4114","988","793","1964","335","188","639","184","403","476","469"
"RRSZX047",NA,NA,NA,NA,NA,NA,NA,NA,NA,NA,NA,NA,NA,NA,NA,NA,NA,NA,NA,NA,NA,NA,NA,NA,NA,NA,NA,NA,NA,NA,NA,NA,NA,NA,NA,NA,NA,NA,NA,NA,NA,NA,NA,NA,"267","638","684","438","313","658","754","825","1079","536","794","536","1010","1230","1140","632","668","722","1111","765","656","358","1357","1648","1877","1515","1106","1915","1730","2221","1823","2265","1774","1596","1624","1721","1414","1591","2569","1724","1790","1623","1045","3543","1626","1579","1862","1332","4286","1150","966","2137","461","383","549","206","446","430","379"
"RRSZX048",NA,NA,NA,NA,NA,NA,NA,NA,NA,NA,NA,NA,NA,NA,NA,NA,NA,NA,NA,NA,NA,NA,NA,NA,NA,NA,NA,NA,NA,NA,NA,NA,NA,NA,NA,NA,NA,NA,NA,NA,NA,NA,NA,NA,NA,"666","758","166","256","686","514","609","853","448","621","320","780","1000","962","547","541","506","885","681","426","273","1458","1749","1978","1073","1207","2016","1831","2322","1635","2035","1544","1366","1468","1491","1197","1374","2339","1494","1574","1385","928","3426","1509","1490","1745","1216","4169","932","849","2020","518","345","819","364","584","657","649"
"RRSZX049",NA,NA,NA,NA,NA,NA,NA,NA,NA,NA,NA,NA,NA,NA,NA,NA,NA,NA,NA,NA,NA,NA,NA,NA,NA,NA,NA,NA,NA,NA,NA,NA,NA,NA,NA,NA,NA,NA,NA,NA,NA,NA,NA,NA,NA,NA,"226","738","439","63","657","926","743","1067","409","940","933","879","734","1185","1161","1026","931","203","842","911","1983","2274","2503","1381","1732","2541","2356","2847","1807","2035","1520","1497","1760","1534","1438","1571","2339","1647","1673","1500","1394","3900","1983","2070","2219","1681","4643","1274","1409","2494","1095","966","1185","840","1068","1064","1019"
"RRSZX050",NA,NA,NA,NA,NA,NA,NA,NA,NA,NA,NA,NA,NA,NA,NA,NA,NA,NA,NA,NA,NA,NA,NA,NA,NA,NA,NA,NA,NA,NA,NA,NA,NA,NA,NA,NA,NA,NA,NA,NA,NA,NA,NA,NA,NA,NA,NA,"892","548","171","885","1154","972","1188","637","1060","1162","1108","928","1287","1281","1183","1151","431","1000","1013","2027","2319","2548","1396","1777","2586","2401","2892","2060","2263","1748","1725","1987","1762","1666","1798","2567","1875","1929","1728","1624","4130","2214","2230","2450","1912","4873","1502","1602","2724","1132","1061","1234","887","1123","1156","1061"
"RRSZX051",NA,NA,NA,NA,NA,NA,NA,NA,NA,NA,NA,NA,NA,NA,NA,NA,NA,NA,NA,NA,NA,NA,NA,NA,NA,NA,NA,NA,NA,NA,NA,NA,NA,NA,NA,NA,NA,NA,NA,NA,NA,NA,NA,NA,NA,NA,NA,NA,"361","803","448","478","788","334","604","206","685","935","944","452","427","379","820","689","260","178","1446","1737","1966","1571","1195","2004","1819","2310","1502","1970","1479","1262","1329","1425","1064","1241","2274","1399","1442","1273","820","3312","1410","1376","1646","1108","4055","801","735","1921","521","370","916","463","608","721","756"
"RRSZX052",NA,NA,NA,NA,NA,NA,NA,NA,NA,NA,NA,NA,NA,NA,NA,NA,NA,NA,NA,NA,NA,NA,NA,NA,NA,NA,NA,NA,NA,NA,NA,NA,NA,NA,NA,NA,NA,NA,NA,NA,NA,NA,NA,NA,NA,NA,NA,NA,NA,"456","572","737","827","687","510","560","820","974","868","791","781","648","879","479","465","517","1694","1986","2215","1816","1444","2253","2068","2559","1693","2033","1542","1379","1598","1489","1333","1438","2337","1533","1559","1386","1090","3596","1679","1729","1915","1377","4339","1070","1067","2190","755","589","864","521","738","745","705"
"RRSZX055",NA,NA,NA,NA,NA,NA,NA,NA,NA,NA,NA,NA,NA,NA,NA,NA,NA,NA,NA,NA,NA,NA,NA,NA,NA,NA,NA,NA,NA,NA,NA,NA,NA,NA,NA,NA,NA,NA,NA,NA,NA,NA,NA,NA,NA,NA,NA,NA,NA,NA,"722","992","809","1116","475","989","999","945","800","1216","1226","1079","988","268","896","941","2002","2313","2556","1371","1771","2594","2409","2867","1907","2101","1586","1558","1834","1599","1513","1645","2405","1713","1738","1566","1460","3966","2049","2136","2285","1747","4709","1339","1460","2560","1115","986","1221","860","1088","1084","1033"
"RRSZX056",NA,NA,NA,NA,NA,NA,NA,NA,NA,NA,NA,NA,NA,NA,NA,NA,NA,NA,NA,NA,NA,NA,NA,NA,NA,NA,NA,NA,NA,NA,NA,NA,NA,NA,NA,NA,NA,NA,NA,NA,NA,NA,NA,NA,NA,NA,NA,NA,NA,NA,NA,"310","337","510","415","375","289","496","670","638","569","402","388","584","212","537","1828","2119","2348","1946","1574","2386","2201","2692","1197","1536","1052","852","1125","998","803","936","1849","1003","1029","856","778","3284","1367","1454","1603","1065","4027","657","778","1878","900","748","1324","892","987","1100","1168"
"RRSZX057",NA,NA,NA,NA,NA,NA,NA,NA,NA,NA,NA,NA,NA,NA,NA,NA,NA,NA,NA,NA,NA,NA,NA,NA,NA,NA,NA,NA,NA,NA,NA,NA,NA,NA,NA,NA,NA,NA,NA,NA,NA,NA,NA,NA,NA,NA,NA,NA,NA,NA,NA,NA,"576","373","683","308","260","727","938","501","328","113","411","852","298","470","1692","1983","2212","1376","1441","2250","2065","2556","1062","1564","1074","822","889","964","624","800","1868","1006","1002","833","481","2987","1070","1157","1306","768","3730","360","492","1581","777","624","1200","824","863","976","1044"
"RRSZX058",NA,NA,NA,NA,NA,NA,NA,NA,NA,NA,NA,NA,NA,NA,NA,NA,NA,NA,NA,NA,NA,NA,NA,NA,NA,NA,NA,NA,NA,NA,NA,NA,NA,NA,NA,NA,NA,NA,NA,NA,NA,NA,NA,NA,NA,NA,NA,NA,NA,NA,NA,NA,NA,"839","368","705","418","165","467","968","836","669","186","552","542","867","2158","2449","2667","2280","1907","2705","2531","3011","1267","1326","812","931","1200","795","928","1011","1630","1042","1095","937","1034","3541","1624","1711","1860","1322","4284","868","1035","2134","1229","1077","1654","1219","1316","1429","1497"
"RRSZX059",NA,NA,NA,NA,NA,NA,NA,NA,NA,NA,NA,NA,NA,NA,NA,NA,NA,NA,NA,NA,NA,NA,NA,NA,NA,NA,NA,NA,NA,NA,NA,NA,NA,NA,NA,NA,NA,NA,NA,NA,NA,NA,NA,NA,NA,NA,NA,NA,NA,NA,NA,NA,NA,NA,"878","138","620","982","1134","132","161","270","770","1017","302","186","1358","1649","1878","1479","1107","1916","1731","2222","1281","1924","1433","1158","1102","1324","959","1136","2108","1341","1274","1169","529","3027","1110","1063","1346","826","3770","696","450","1621","445","306","882","505","545","658","726"
"RRSZX060",NA,NA,NA,NA,NA,NA,NA,NA,NA,NA,NA,NA,NA,NA,NA,NA,NA,NA,NA,NA,NA,NA,NA,NA,NA,NA,NA,NA,NA,NA,NA,NA,NA,NA,NA,NA,NA,NA,NA,NA,NA,NA,NA,NA,NA,NA,NA,NA,NA,NA,NA,NA,NA,NA,NA,"748","670","504","384","997","948","780","520","217","597","777","2045","2336","2565","2167","1794","2603","2418","2909","1544","1660","1145","1229","1477","1132","1186","1289","1974","1377","1431","1237","1180","3658","1776","1828","1977","1439","4401","1059","1153","2252","1121","956","1347","976","1195","1268","1178"
"RRSZX061",NA,NA,NA,NA,NA,NA,NA,NA,NA,NA,NA,NA,NA,NA,NA,NA,NA,NA,NA,NA,NA,NA,NA,NA,NA,NA,NA,NA,NA,NA,NA,NA,NA,NA,NA,NA,NA,NA,NA,NA,NA,NA,NA,NA,NA,NA,NA,NA,NA,NA,NA,NA,NA,NA,NA,NA,"543","848","1000","268","230","195","707","890","168","182","1458","1750","1978","1594","1208","2016","1831","2322","1322","1857","1358","1082","1149","1248","883","1060","2161","1276","1262","1093","635","3134","1198","1175","1452","904","3877","620","556","1709","542","394","980","537","631","744","810"
"RRSZX062",NA,NA,NA,NA,NA,NA,NA,NA,NA,NA,NA,NA,NA,NA,NA,NA,NA,NA,NA,NA,NA,NA,NA,NA,NA,NA,NA,NA,NA,NA,NA,NA,NA,NA,NA,NA,NA,NA,NA,NA,NA,NA,NA,NA,NA,NA,NA,NA,NA,NA,NA,NA,NA,NA,NA,NA,NA,"559","875","750","575","362","246","861","462","719","1955","2232","2461","2062","1690","2499","2314","2805","911","1355","909","582","839","724","517","650","1659","733","768","586","670","3176","1267","1346","1495","958","3920","471","671","1770","1026","873","1449","1072","1112","1225","1293"
"RRSZX063",NA,NA,NA,NA,NA,NA,NA,NA,NA,NA,NA,NA,NA,NA,NA,NA,NA,NA,NA,NA,NA,NA,NA,NA,NA,NA,NA,NA,NA,NA,NA,NA,NA,NA,NA,NA,NA,NA,NA,NA,NA,NA,NA,NA,NA,NA,NA,NA,NA,NA,NA,NA,NA,NA,NA,NA,NA,NA,"384","1103","983","816","320","687","689","1014","2294","2585","2814","2416","2043","2852","2667","3158","1279","1259","745","951","1252","758","1036","1108","1563","1042","1131","956","1181","3688","1770","1857","2006","1469","4430","1004","1196","2282","1387","1236","1812","1371","1478","1587","1655"
"RRSZX064",NA,NA,NA,NA,NA,NA,NA,NA,NA,NA,NA,NA,NA,NA,NA,NA,NA,NA,NA,NA,NA,NA,NA,NA,NA,NA,NA,NA,NA,NA,NA,NA,NA,NA,NA,NA,NA,NA,NA,NA,NA,NA,NA,NA,NA,NA,NA,NA,NA,NA,NA,NA,NA,NA,NA,NA,NA,NA,NA,"1270","1199","1032","654","541","842","1095","2382","2673","2902","2504","2138","2940","2754","3246","1656","1516","1001","1336","1638","1144","1397","1480","1820","1428","1488","1342","1408","3914","1997","2084","2233","1695","4657","1287","1422","2508","1458","1297","1686","1316","1531","1604","1516"
"RRSZX065",NA,NA,NA,NA,NA,NA,NA,NA,NA,NA,NA,NA,NA,NA,NA,NA,NA,NA,NA,NA,NA,NA,NA,NA,NA,NA,NA,NA,NA,NA,NA,NA,NA,NA,NA,NA,NA,NA,NA,NA,NA,NA,NA,NA,NA,NA,NA,NA,NA,NA,NA,NA,NA,NA,NA,NA,NA,NA,NA,NA,"256","399","899","1137","431","283","1235","1527","1756","1357","985","1794","1609","2100","1359","2053","1562","1256","1194","1452","1056","1199","2199","1442","1366","1266","620","3018","1202","1042","1437","908","3761","792","541","1612","323","275","762","494","424","538","636"
"RRSZX066",NA,NA,NA,NA,NA,NA,NA,NA,NA,NA,NA,NA,NA,NA,NA,NA,NA,NA,NA,NA,NA,NA,NA,NA,NA,NA,NA,NA,NA,NA,NA,NA,NA,NA,NA,NA,NA,NA,NA,NA,NA,NA,NA,NA,NA,NA,NA,NA,NA,NA,NA,NA,NA,NA,NA,NA,NA,NA,NA,NA,NA,"219","723","1110","367","316","1484","1774","2003","1185","1232","2041","1856","2347","1140","1845","1387","1037","975","1278","838","980","1980","1224","1147","1048","402","2900","983","998","1219","689","3643","573","322","1494","571","443","1019","642","673","794","862"
"RRSZX067",NA,NA,NA,NA,NA,NA,NA,NA,NA,NA,NA,NA,NA,NA,NA,NA,NA,NA,NA,NA,NA,NA,NA,NA,NA,NA,NA,NA,NA,NA,NA,NA,NA,NA,NA,NA,NA,NA,NA,NA,NA,NA,NA,NA,NA,NA,NA,NA,NA,NA,NA,NA,NA,NA,NA,NA,NA,NA,NA,NA,NA,NA,"510","948","201","367","1590","1881","2110","1273","1339","2148","1963","2454","1137","1664","1173","897","964","1064","699","876","1968","1080","1077","908","446","2952","1035","1122","1271","733","3695","436","423","1546","674","522","1098","722","760","873","972"
"RRSZX068",NA,NA,NA,NA,NA,NA,NA,NA,NA,NA,NA,NA,NA,NA,NA,NA,NA,NA,NA,NA,NA,NA,NA,NA,NA,NA,NA,NA,NA,NA,NA,NA,NA,NA,NA,NA,NA,NA,NA,NA,NA,NA,NA,NA,NA,NA,NA,NA,NA,NA,NA,NA,NA,NA,NA,NA,NA,NA,NA,NA,NA,NA,NA,"747","571","869","2095","2386","2615","2217","1840","2653","2468","2959","1108","1164","674","760","1025","620","753","836","1468","867","921","762","876","3382","1466","1552","1701","1163","4125","698","891","1976","1175","1023","1599","1222","1262","1375","1443"
"RRSZX069",NA,NA,NA,NA,NA,NA,NA,NA,NA,NA,NA,NA,NA,NA,NA,NA,NA,NA,NA,NA,NA,NA,NA,NA,NA,NA,NA,NA,NA,NA,NA,NA,NA,NA,NA,NA,NA,NA,NA,NA,NA,NA,NA,NA,NA,NA,NA,NA,NA,NA,NA,NA,NA,NA,NA,NA,NA,NA,NA,NA,NA,NA,NA,NA,"764","860","2132","2424","2652","2254","1878","2691","2506","2996","1734","1844","1328","1419","1668","1341","1379","1479","2148","1587","1651","1427","1319","3825","1908","1995","2144","1606","4568","1198","1320","2419","1188","1014","1315","972","1188","1195","1145"
"RRSZX070",NA,NA,NA,NA,NA,NA,NA,NA,NA,NA,NA,NA,NA,NA,NA,NA,NA,NA,NA,NA,NA,NA,NA,NA,NA,NA,NA,NA,NA,NA,NA,NA,NA,NA,NA,NA,NA,NA,NA,NA,NA,NA,NA,NA,NA,NA,NA,NA,NA,NA,NA,NA,NA,NA,NA,NA,NA,NA,NA,NA,NA,NA,NA,NA,NA,"330","1621","1916","2145","1292","1366","2180","1994","2486","1324","1725","1232","1043","1151","1178","886","1063","2025","1169","1257","1063","643","3149","1232","1319","1468","930","3892","623","620","1743","703","541","1117","684","779","892","961"
"RRSZX071",NA,NA,NA,NA,NA,NA,NA,NA,NA,NA,NA,NA,NA,NA,NA,NA,NA,NA,NA,NA,NA,NA,NA,NA,NA,NA,NA,NA,NA,NA,NA,NA,NA,NA,NA,NA,NA,NA,NA,NA,NA,NA,NA,NA,NA,NA,NA,NA,NA,NA,NA,NA,NA,NA,NA,NA,NA,NA,NA,NA,NA,NA,NA,NA,NA,NA,"1300","1592","1821","976","1050","1859","1674","2165","1446","2037","1528","1256","1281","1419","1057","1234","2341","1437","1431","1267","708","3206","1289","1248","1525","995","3949","791","629","1800","377","224","800","362","463","576","644"
"RRSZX072",NA,NA,NA,NA,NA,NA,NA,NA,NA,NA,NA,NA,NA,NA,NA,NA,NA,NA,NA,NA,NA,NA,NA,NA,NA,NA,NA,NA,NA,NA,NA,NA,NA,NA,NA,NA,NA,NA,NA,NA,NA,NA,NA,NA,NA,NA,NA,NA,NA,NA,NA,NA,NA,NA,NA,NA,NA,NA,NA,NA,NA,NA,NA,NA,NA,NA,NA,"293","521","397","263","579","394","866","2527","3282","2789","2437","2362","2646","2239","2364","3368","2611","2548","2432","1789","3484","2120","1817","2327","2077","4227","1957","1731","2415","967","1156","603","1185","965","1020","1162"
"RRSZX073",NA,NA,NA,NA,NA,NA,NA,NA,NA,NA,NA,NA,NA,NA,NA,NA,NA,NA,NA,NA,NA,NA,NA,NA,NA,NA,NA,NA,NA,NA,NA,NA,NA,NA,NA,NA,NA,NA,NA,NA,NA,NA,NA,NA,NA,NA,NA,NA,NA,NA,NA,NA,NA,NA,NA,NA,NA,NA,NA,NA,NA,NA,NA,NA,NA,NA,NA,NA,"241","689","555","320","142","586","2819","3574","3081","2719","2654","2938","2517","2659","3660","2903","2826","2727","2068","3724","2412","2100","2618","2354","4467","2249","2006","2706","1259","1448","903","1497","1257","1301","1080"
"RRSZX074",NA,NA,NA,NA,NA,NA,NA,NA,NA,NA,NA,NA,NA,NA,NA,NA,NA,NA,NA,NA,NA,NA,NA,NA,NA,NA,NA,NA,NA,NA,NA,NA,NA,NA,NA,NA,NA,NA,NA,NA,NA,NA,NA,NA,NA,NA,NA,NA,NA,NA,NA,NA,NA,NA,NA,NA,NA,NA,NA,NA,NA,NA,NA,NA,NA,NA,NA,NA,NA,"913","779","187","232","367","3044","3763","3272","2943","2879","3163","2741","2884","3884","3127","3050","2951","2289","3948","2636","2324","2844","2579","4691","2477","2230","2930","1483","1672","1120","1721","1470","1525","1296"
"RRSZX075",NA,NA,NA,NA,NA,NA,NA,NA,NA,NA,NA,NA,NA,NA,NA,NA,NA,NA,NA,NA,NA,NA,NA,NA,NA,NA,NA,NA,NA,NA,NA,NA,NA,NA,NA,NA,NA,NA,NA,NA,NA,NA,NA,NA,NA,NA,NA,NA,NA,NA,NA,NA,NA,NA,NA,NA,NA,NA,NA,NA,NA,NA,NA,NA,NA,NA,NA,NA,NA,NA,"386","973","788","1261","2651","3403","2912","2560","2486","2770","2348","2491","3491","2734","2658","2558","1899","3607","2243","1940","2450","2186","4350","2084","1838","2538","1080","862","209","640","627","427","386"
"RRSZX076",NA,NA,NA,NA,NA,NA,NA,NA,NA,NA,NA,NA,NA,NA,NA,NA,NA,NA,NA,NA,NA,NA,NA,NA,NA,NA,NA,NA,NA,NA,NA,NA,NA,NA,NA,NA,NA,NA,NA,NA,NA,NA,NA,NA,NA,NA,NA,NA,NA,NA,NA,NA,NA,NA,NA,NA,NA,NA,NA,NA,NA,NA,NA,NA,NA,NA,NA,NA,NA,NA,NA,"823","638","1129","2278","2997","2506","2177","2113","2397","1976","2118","3118","2361","2284","2182","1523","3226","1870","1568","2077","1810","3968","1708","1464","2165","718","906","1017","966","715","771","912"
"RRSZX077",NA,NA,NA,NA,NA,NA,NA,NA,NA,NA,NA,NA,NA,NA,NA,NA,NA,NA,NA,NA,NA,NA,NA,NA,NA,NA,NA,NA,NA,NA,NA,NA,NA,NA,NA,NA,NA,NA,NA,NA,NA,NA,NA,NA,NA,NA,NA,NA,NA,NA,NA,NA,NA,NA,NA,NA,NA,NA,NA,NA,NA,NA,NA,NA,NA,NA,NA,NA,NA,NA,NA,NA,"227","504","3171","3864","3397","3053","2994","3343","2855","2998","4170","3236","3165","3064","2397","3999","2798","2376","2963","2741","4709","2518","2339","3093","1514","1714","1179","1777","1512","1567","1356"
"RRSZX078",NA,NA,NA,NA,NA,NA,NA,NA,NA,NA,NA,NA,NA,NA,NA,NA,NA,NA,NA,NA,NA,NA,NA,NA,NA,NA,NA,NA,NA,NA,NA,NA,NA,NA,NA,NA,NA,NA,NA,NA,NA,NA,NA,NA,NA,NA,NA,NA,NA,NA,NA,NA,NA,NA,NA,NA,NA,NA,NA,NA,NA,NA,NA,NA,NA,NA,NA,NA,NA,NA,NA,NA,NA,"582","2904","3624","3133","2804","2740","3024","2602","2745","3745","2988","2911","2812","2153","3786","2497","2162","2703","2440","4528","2338","2094","2791","1347","1533","998","1593","1342","1397","1539"
"RRSZX079",NA,NA,NA,NA,NA,NA,NA,NA,NA,NA,NA,NA,NA,NA,NA,NA,NA,NA,NA,NA,NA,NA,NA,NA,NA,NA,NA,NA,NA,NA,NA,NA,NA,NA,NA,NA,NA,NA,NA,NA,NA,NA,NA,NA,NA,NA,NA,NA,NA,NA,NA,NA,NA,NA,NA,NA,NA,NA,NA,NA,NA,NA,NA,NA,NA,NA,NA,NA,NA,NA,NA,NA,NA,NA,"3392","4111","3621","3291","3227","3511","3090","3232","4232","3476","3399","3300","2641","4309","2984","2673","3191","2927","5040","2825","2582","3279","1821","2021","1468","2080","1819","1885","1645"
"RRSZX081",NA,NA,NA,NA,NA,NA,NA,NA,NA,NA,NA,NA,NA,NA,NA,NA,NA,NA,NA,NA,NA,NA,NA,NA,NA,NA,NA,NA,NA,NA,NA,NA,NA,NA,NA,NA,NA,NA,NA,NA,NA,NA,NA,NA,NA,NA,NA,NA,NA,NA,NA,NA,NA,NA,NA,NA,NA,NA,NA,NA,NA,NA,NA,NA,NA,NA,NA,NA,NA,NA,NA,NA,NA,NA,NA,"833","670","358","201","539","442","288","867","261","188","347","787","2929","1023","1305","1245","736","3660","711","826","1511","1670","1540","2109","1739","1772","1885","1960"
"RRSZX082",NA,NA,NA,NA,NA,NA,NA,NA,NA,NA,NA,NA,NA,NA,NA,NA,NA,NA,NA,NA,NA,NA,NA,NA,NA,NA,NA,NA,NA,NA,NA,NA,NA,NA,NA,NA,NA,NA,NA,NA,NA,NA,NA,NA,NA,NA,NA,NA,NA,NA,NA,NA,NA,NA,NA,NA,NA,NA,NA,NA,NA,NA,NA,NA,NA,NA,NA,NA,NA,NA,NA,NA,NA,NA,NA,NA,"513","850","958","627","1039","915","339","683","699","838","1487","3701","1807","2058","2019","1496","4444","1307","1527","2295","2346","2194","2756","2369","2432","2546","2614"
"RRSZX083",NA,NA,NA,NA,NA,NA,NA,NA,NA,NA,NA,NA,NA,NA,NA,NA,NA,NA,NA,NA,NA,NA,NA,NA,NA,NA,NA,NA,NA,NA,NA,NA,NA,NA,NA,NA,NA,NA,NA,NA,NA,NA,NA,NA,NA,NA,NA,NA,NA,NA,NA,NA,NA,NA,NA,NA,NA,NA,NA,NA,NA,NA,NA,NA,NA,NA,NA,NA,NA,NA,NA,NA,NA,NA,NA,NA,NA,"410","726","158","605","583","828","427","510","416","1119","3386","1478","1800","1714","1205","4129","873","1124","1980","1837","1685","2261","1874","1924","2037","2105"
"RRSZX084",NA,NA,NA,NA,NA,NA,NA,NA,NA,NA,NA,NA,NA,NA,NA,NA,NA,NA,NA,NA,NA,NA,NA,NA,NA,NA,NA,NA,NA,NA,NA,NA,NA,NA,NA,NA,NA,NA,NA,NA,NA,NA,NA,NA,NA,NA,NA,NA,NA,NA,NA,NA,NA,NA,NA,NA,NA,NA,NA,NA,NA,NA,NA,NA,NA,NA,NA,NA,NA,NA,NA,NA,NA,NA,NA,NA,NA,NA,"338","266","204","184","1164","194","196","18","718","2993","1089","1399","1338","816","3736","472","723","1591","1567","1408","1984","1607","1647","1760","1828"
"RRSZX085",NA,NA,NA,NA,NA,NA,NA,NA,NA,NA,NA,NA,NA,NA,NA,NA,NA,NA,NA,NA,NA,NA,NA,NA,NA,NA,NA,NA,NA,NA,NA,NA,NA,NA,NA,NA,NA,NA,NA,NA,NA,NA,NA,NA,NA,NA,NA,NA,NA,NA,NA,NA,NA,NA,NA,NA,NA,NA,NA,NA,NA,NA,NA,NA,NA,NA,NA,NA,NA,NA,NA,NA,NA,NA,NA,NA,NA,NA,NA,"580","372","193","1010","378","267","324","623","2754","846","1135","1082","573","3497","538","663","1348","1507","1377","1946","1576","1608","1721","1820"
"RRSZX086",NA,NA,NA,NA,NA,NA,NA,NA,NA,NA,NA,NA,NA,NA,NA,NA,NA,NA,NA,NA,NA,NA,NA,NA,NA,NA,NA,NA,NA,NA,NA,NA,NA,NA,NA,NA,NA,NA,NA,NA,NA,NA,NA,NA,NA,NA,NA,NA,NA,NA,NA,NA,NA,NA,NA,NA,NA,NA,NA,NA,NA,NA,NA,NA,NA,NA,NA,NA,NA,NA,NA,NA,NA,NA,NA,NA,NA,NA,NA,NA,"462","441","946","294","384","274","976","3244","1336","1658","1572","1063","3987","730","982","1838","1730","1578","2154","1777","1817","1930","2029"
"RRSZX087",NA,NA,NA,NA,NA,NA,NA,NA,NA,NA,NA,NA,NA,NA,NA,NA,NA,NA,NA,NA,NA,NA,NA,NA,NA,NA,NA,NA,NA,NA,NA,NA,NA,NA,NA,NA,NA,NA,NA,NA,NA,NA,NA,NA,NA,NA,NA,NA,NA,NA,NA,NA,NA,NA,NA,NA,NA,NA,NA,NA,NA,NA,NA,NA,NA,NA,NA,NA,NA,NA,NA,NA,NA,NA,NA,NA,NA,NA,NA,NA,NA,"182","1299","402","384","215","520","2831","923","1201","1159","598","3574","274","526","1425","1370","1211","1787","1410","1449","1562","1630"
"RRSZX088",NA,NA,NA,NA,NA,NA,NA,NA,NA,NA,NA,NA,NA,NA,NA,NA,NA,NA,NA,NA,NA,NA,NA,NA,NA,NA,NA,NA,NA,NA,NA,NA,NA,NA,NA,NA,NA,NA,NA,NA,NA,NA,NA,NA,NA,NA,NA,NA,NA,NA,NA,NA,NA,NA,NA,NA,NA,NA,NA,NA,NA,NA,NA,NA,NA,NA,NA,NA,NA,NA,NA,NA,NA,NA,NA,NA,NA,NA,NA,NA,NA,NA,"1135","296","219","178","626","2816","908","1303","1144","635","3559","441","659","1410","1510","1377","1953","1576","1616","1729","1797"
"RRSZX089",NA,NA,NA,NA,NA,NA,NA,NA,NA,NA,NA,NA,NA,NA,NA,NA,NA,NA,NA,NA,NA,NA,NA,NA,NA,NA,NA,NA,NA,NA,NA,NA,NA,NA,NA,NA,NA,NA,NA,NA,NA,NA,NA,NA,NA,NA,NA,NA,NA,NA,NA,NA,NA,NA,NA,NA,NA,NA,NA,NA,NA,NA,NA,NA,NA,NA,NA,NA,NA,NA,NA,NA,NA,NA,NA,NA,NA,NA,NA,NA,NA,NA,NA,"995","1012","1166","1633","3764","1855","2283","1922","1582","4506","1625","1672","2357","2516","2386","3060","2682","2618","2731","2903"
"RRSZX090",NA,NA,NA,NA,NA,NA,NA,NA,NA,NA,NA,NA,NA,NA,NA,NA,NA,NA,NA,NA,NA,NA,NA,NA,NA,NA,NA,NA,NA,NA,NA,NA,NA,NA,NA,NA,NA,NA,NA,NA,NA,NA,NA,NA,NA,NA,NA,NA,NA,NA,NA,NA,NA,NA,NA,NA,NA,NA,NA,NA,NA,NA,NA,NA,NA,NA,NA,NA,NA,NA,NA,NA,NA,NA,NA,NA,NA,NA,NA,NA,NA,NA,NA,NA,"101","198","900","3061","1153","1386","1389","880","3804","654","906","1655","1743","1591","2167","1790","1829","1942","2011"
"RRSZX091",NA,NA,NA,NA,NA,NA,NA,NA,NA,NA,NA,NA,NA,NA,NA,NA,NA,NA,NA,NA,NA,NA,NA,NA,NA,NA,NA,NA,NA,NA,NA,NA,NA,NA,NA,NA,NA,NA,NA,NA,NA,NA,NA,NA,NA,NA,NA,NA,NA,NA,NA,NA,NA,NA,NA,NA,NA,NA,NA,NA,NA,NA,NA,NA,NA,NA,NA,NA,NA,NA,NA,NA,NA,NA,NA,NA,NA,NA,NA,NA,NA,NA,NA,NA,NA,"196","900","2988","1080","1313","1329","806","3730","652","904","1581","1748","1589","2165","1788","1828","1941","2009"
"RRSZX092",NA,NA,NA,NA,NA,NA,NA,NA,NA,NA,NA,NA,NA,NA,NA,NA,NA,NA,NA,NA,NA,NA,NA,NA,NA,NA,NA,NA,NA,NA,NA,NA,NA,NA,NA,NA,NA,NA,NA,NA,NA,NA,NA,NA,NA,NA,NA,NA,NA,NA,NA,NA,NA,NA,NA,NA,NA,NA,NA,NA,NA,NA,NA,NA,NA,NA,NA,NA,NA,NA,NA,NA,NA,NA,NA,NA,NA,NA,NA,NA,NA,NA,NA,NA,NA,NA,"729","2971","1063","1248","1313","790","3714","483","735","1565","1579","1420","1996","1618","1658","1771","1870"
"RRSZX093",NA,NA,NA,NA,NA,NA,NA,NA,NA,NA,NA,NA,NA,NA,NA,NA,NA,NA,NA,NA,NA,NA,NA,NA,NA,NA,NA,NA,NA,NA,NA,NA,NA,NA,NA,NA,NA,NA,NA,NA,NA,NA,NA,NA,NA,NA,NA,NA,NA,NA,NA,NA,NA,NA,NA,NA,NA,NA,NA,NA,NA,NA,NA,NA,NA,NA,NA,NA,NA,NA,NA,NA,NA,NA,NA,NA,NA,NA,NA,NA,NA,NA,NA,NA,NA,NA,NA,"2515","598","701","834","315","3258","253","90","1109","934","804","1380","1003","1035","1156","1224"
"RRSZX094",NA,NA,NA,NA,NA,NA,NA,NA,NA,NA,NA,NA,NA,NA,NA,NA,NA,NA,NA,NA,NA,NA,NA,NA,NA,NA,NA,NA,NA,NA,NA,NA,NA,NA,NA,NA,NA,NA,NA,NA,NA,NA,NA,NA,NA,NA,NA,NA,NA,NA,NA,NA,NA,NA,NA,NA,NA,NA,NA,NA,NA,NA,NA,NA,NA,NA,NA,NA,NA,NA,NA,NA,NA,NA,NA,NA,NA,NA,NA,NA,NA,NA,NA,NA,NA,NA,NA,NA,"1918","2012","1762","2240","1016","2763","2591","1413","3165","3193","3506","3457","3205","3260","3401"
"RRSZX095",NA,NA,NA,NA,NA,NA,NA,NA,NA,NA,NA,NA,NA,NA,NA,NA,NA,NA,NA,NA,NA,NA,NA,NA,NA,NA,NA,NA,NA,NA,NA,NA,NA,NA,NA,NA,NA,NA,NA,NA,NA,NA,NA,NA,NA,NA,NA,NA,NA,NA,NA,NA,NA,NA,NA,NA,NA,NA,NA,NA,NA,NA,NA,NA,NA,NA,NA,NA,NA,NA,NA,NA,NA,NA,NA,NA,NA,NA,NA,NA,NA,NA,NA,NA,NA,NA,NA,NA,NA,"436","242","336","2659","813","679","510","1399","1393","1838","1592","1500","1614","1712"
"RRSZX096",NA,NA,NA,NA,NA,NA,NA,NA,NA,NA,NA,NA,NA,NA,NA,NA,NA,NA,NA,NA,NA,NA,NA,NA,NA,NA,NA,NA,NA,NA,NA,NA,NA,NA,NA,NA,NA,NA,NA,NA,NA,NA,NA,NA,NA,NA,NA,NA,NA,NA,NA,NA,NA,NA,NA,NA,NA,NA,NA,NA,NA,NA,NA,NA,NA,NA,NA,NA,NA,NA,NA,NA,NA,NA,NA,NA,NA,NA,NA,NA,NA,NA,NA,NA,NA,NA,NA,NA,NA,NA,"640","568","2870","930","733","721","1118","1209","1557","1407","1219","1332","1431"
"RRSZX097",NA,NA,NA,NA,NA,NA,NA,NA,NA,NA,NA,NA,NA,NA,NA,NA,NA,NA,NA,NA,NA,NA,NA,NA,NA,NA,NA,NA,NA,NA,NA,NA,NA,NA,NA,NA,NA,NA,NA,NA,NA,NA,NA,NA,NA,NA,NA,NA,NA,NA,NA,NA,NA,NA,NA,NA,NA,NA,NA,NA,NA,NA,NA,NA,NA,NA,NA,NA,NA,NA,NA,NA,NA,NA,NA,NA,NA,NA,NA,NA,NA,NA,NA,NA,NA,NA,NA,NA,NA,NA,NA,"563","2501","1040","906","351","1603","1620","2042","1819","1704","1818","1917"
"RRSZX099",NA,NA,NA,NA,NA,NA,NA,NA,NA,NA,NA,NA,NA,NA,NA,NA,NA,NA,NA,NA,NA,NA,NA,NA,NA,NA,NA,NA,NA,NA,NA,NA,NA,NA,NA,NA,NA,NA,NA,NA,NA,NA,NA,NA,NA,NA,NA,NA,NA,NA,NA,NA,NA,NA,NA,NA,NA,NA,NA,NA,NA,NA,NA,NA,NA,NA,NA,NA,NA,NA,NA,NA,NA,NA,NA,NA,NA,NA,NA,NA,NA,NA,NA,NA,NA,NA,NA,NA,NA,NA,NA,NA,"2975","522","379","826","1223","1093","1662","1298","1324","1437","1536"
"RRSZX100",NA,NA,NA,NA,NA,NA,NA,NA,NA,NA,NA,NA,NA,NA,NA,NA,NA,NA,NA,NA,NA,NA,NA,NA,NA,NA,NA,NA,NA,NA,NA,NA,NA,NA,NA,NA,NA,NA,NA,NA,NA,NA,NA,NA,NA,NA,NA,NA,NA,NA,NA,NA,NA,NA,NA,NA,NA,NA,NA,NA,NA,NA,NA,NA,NA,NA,NA,NA,NA,NA,NA,NA,NA,NA,NA,NA,NA,NA,NA,NA,NA,NA,NA,NA,NA,NA,NA,NA,NA,NA,NA,NA,NA,"3514","3342","2164","3916","4056","4257","4208","3956","4011","4152"
"RRSZX101",NA,NA,NA,NA,NA,NA,NA,NA,NA,NA,NA,NA,NA,NA,NA,NA,NA,NA,NA,NA,NA,NA,NA,NA,NA,NA,NA,NA,NA,NA,NA,NA,NA,NA,NA,NA,NA,NA,NA,NA,NA,NA,NA,NA,NA,NA,NA,NA,NA,NA,NA,NA,NA,NA,NA,NA,NA,NA,NA,NA,NA,NA,NA,NA,NA,NA,NA,NA,NA,NA,NA,NA,NA,NA,NA,NA,NA,NA,NA,NA,NA,NA,NA,NA,NA,NA,NA,NA,NA,NA,NA,NA,NA,NA,"261","1340","1106","948","1524","1147","1186","1300","1368"
"RRSZX102",NA,NA,NA,NA,NA,NA,NA,NA,NA,NA,NA,NA,NA,NA,NA,NA,NA,NA,NA,NA,NA,NA,NA,NA,NA,NA,NA,NA,NA,NA,NA,NA,NA,NA,NA,NA,NA,NA,NA,NA,NA,NA,NA,NA,NA,NA,NA,NA,NA,NA,NA,NA,NA,NA,NA,NA,NA,NA,NA,NA,NA,NA,NA,NA,NA,NA,NA,NA,NA,NA,NA,NA,NA,NA,NA,NA,NA,NA,NA,NA,NA,NA,NA,NA,NA,NA,NA,NA,NA,NA,NA,NA,NA,NA,NA,"1182","856","726","1294","925","957","1070","1146"
"RRSZX103",NA,NA,NA,NA,NA,NA,NA,NA,NA,NA,NA,NA,NA,NA,NA,NA,NA,NA,NA,NA,NA,NA,NA,NA,NA,NA,NA,NA,NA,NA,NA,NA,NA,NA,NA,NA,NA,NA,NA,NA,NA,NA,NA,NA,NA,NA,NA,NA,NA,NA,NA,NA,NA,NA,NA,NA,NA,NA,NA,NA,NA,NA,NA,NA,NA,NA,NA,NA,NA,NA,NA,NA,NA,NA,NA,NA,NA,NA,NA,NA,NA,NA,NA,NA,NA,NA,NA,NA,NA,NA,NA,NA,NA,NA,NA,NA,"1695","1786","2134","1986","1796","1909","2008"
"RRSZX104",NA,NA,NA,NA,NA,NA,NA,NA,NA,NA,NA,NA,NA,NA,NA,NA,NA,NA,NA,NA,NA,NA,NA,NA,NA,NA,NA,NA,NA,NA,NA,NA,NA,NA,NA,NA,NA,NA,NA,NA,NA,NA,NA,NA,NA,NA,NA,NA,NA,NA,NA,NA,NA,NA,NA,NA,NA,NA,NA,NA,NA,NA,NA,NA,NA,NA,NA,NA,NA,NA,NA,NA,NA,NA,NA,NA,NA,NA,NA,NA,NA,NA,NA,NA,NA,NA,NA,NA,NA,NA,NA,NA,NA,NA,NA,NA,NA,"213","443","290","106","219","318"
"RRSZX105",NA,NA,NA,NA,NA,NA,NA,NA,NA,NA,NA,NA,NA,NA,NA,NA,NA,NA,NA,NA,NA,NA,NA,NA,NA,NA,NA,NA,NA,NA,NA,NA,NA,NA,NA,NA,NA,NA,NA,NA,NA,NA,NA,NA,NA,NA,NA,NA,NA,NA,NA,NA,NA,NA,NA,NA,NA,NA,NA,NA,NA,NA,NA,NA,NA,NA,NA,NA,NA,NA,NA,NA,NA,NA,NA,NA,NA,NA,NA,NA,NA,NA,NA,NA,NA,NA,NA,NA,NA,NA,NA,NA,NA,NA,NA,NA,NA,NA,"601","216","302","415","431"
"RRSZX106",NA,NA,NA,NA,NA,NA,NA,NA,NA,NA,NA,NA,NA,NA,NA,NA,NA,NA,NA,NA,NA,NA,NA,NA,NA,NA,NA,NA,NA,NA,NA,NA,NA,NA,NA,NA,NA,NA,NA,NA,NA,NA,NA,NA,NA,NA,NA,NA,NA,NA,NA,NA,NA,NA,NA,NA,NA,NA,NA,NA,NA,NA,NA,NA,NA,NA,NA,NA,NA,NA,NA,NA,NA,NA,NA,NA,NA,NA,NA,NA,NA,NA,NA,NA,NA,NA,NA,NA,NA,NA,NA,NA,NA,NA,NA,NA,NA,NA,NA,"466","355","253","200"
"RRSZX107",NA,NA,NA,NA,NA,NA,NA,NA,NA,NA,NA,NA,NA,NA,NA,NA,NA,NA,NA,NA,NA,NA,NA,NA,NA,NA,NA,NA,NA,NA,NA,NA,NA,NA,NA,NA,NA,NA,NA,NA,NA,NA,NA,NA,NA,NA,NA,NA,NA,NA,NA,NA,NA,NA,NA,NA,NA,NA,NA,NA,NA,NA,NA,NA,NA,NA,NA,NA,NA,NA,NA,NA,NA,NA,NA,NA,NA,NA,NA,NA,NA,NA,NA,NA,NA,NA,NA,NA,NA,NA,NA,NA,NA,NA,NA,NA,NA,NA,NA,NA,"268","303","296"
"RRSZX108",NA,NA,NA,NA,NA,NA,NA,NA,NA,NA,NA,NA,NA,NA,NA,NA,NA,NA,NA,NA,NA,NA,NA,NA,NA,NA,NA,NA,NA,NA,NA,NA,NA,NA,NA,NA,NA,NA,NA,NA,NA,NA,NA,NA,NA,NA,NA,NA,NA,NA,NA,NA,NA,NA,NA,NA,NA,NA,NA,NA,NA,NA,NA,NA,NA,NA,NA,NA,NA,NA,NA,NA,NA,NA,NA,NA,NA,NA,NA,NA,NA,NA,NA,NA,NA,NA,NA,NA,NA,NA,NA,NA,NA,NA,NA,NA,NA,NA,NA,NA,NA,"128","229"
"RRSZX109",NA,NA,NA,NA,NA,NA,NA,NA,NA,NA,NA,NA,NA,NA,NA,NA,NA,NA,NA,NA,NA,NA,NA,NA,NA,NA,NA,NA,NA,NA,NA,NA,NA,NA,NA,NA,NA,NA,NA,NA,NA,NA,NA,NA,NA,NA,NA,NA,NA,NA,NA,NA,NA,NA,NA,NA,NA,NA,NA,NA,NA,NA,NA,NA,NA,NA,NA,NA,NA,NA,NA,NA,NA,NA,NA,NA,NA,NA,NA,NA,NA,NA,NA,NA,NA,NA,NA,NA,NA,NA,NA,NA,NA,NA,NA,NA,NA,NA,NA,NA,NA,NA,"148"
"RRSZX110",NA,NA,NA,NA,NA,NA,NA,NA,NA,NA,NA,NA,NA,NA,NA,NA,NA,NA,NA,NA,NA,NA,NA,NA,NA,NA,NA,NA,NA,NA,NA,NA,NA,NA,NA,NA,NA,NA,NA,NA,NA,NA,NA,NA,NA,NA,NA,NA,NA,NA,NA,NA,NA,NA,NA,NA,NA,NA,NA,NA,NA,NA,NA,NA,NA,NA,NA,NA,NA,NA,NA,NA,NA,NA,NA,NA,NA,NA,NA,NA,NA,NA,NA,NA,NA,NA,NA,NA,NA,NA,NA,NA,NA,NA,NA,NA,NA,NA,NA,NA,NA,NA,NA
